section,content,id
1.1,"1.1. Энэхүү Хөдөлмөрийн дотоод журам (цаашид “журам” гэх)-р “И-Монгол академи” УТҮГ  (цаашид “Академи” гэх)-ийн өдөр тутмын үйл ажиллагаа, ажил олгогч, албан хаагчийн хооронд бий болох хөдөлмөрийн харилцаа, ажил олгогч, албан хаагчдын эрх, үүрэг,  хариуцлага, ажил амралтын цаг, шагнал урамшуулал, хөдөлмөрийн сахилга, ажлын  хариуцлага, дэг журам, албан хаагчийн ёс зүй зэрэг байгууллагын дотоод  хөдөлмөрийн харилцааг зохицуулахад оршино.",d0d9c6fd2ed13270eef7d75378aad9efca8e35d354a1eaff33dad27d45c64e17
1.2,"1.2. Хөдөлмөрийн дотоод журам нь Хөдөлмөрийн тухай хууль, түүнд нийцүүлэн гаргасан эрх зүйн акт, холбогдох бусад хууль тогтоомж, дүрэм, журамд үндэслэсэн болно.  Хөдөлмөрийн хэм хэмжээ, Монгол Улсын хууль тогтоомж өөрчлөгдсөн, хүчингүй  болсон, шинэчлэн батлагдсан тохиолдолд түүнд нийцүүлэн журамд тухай бүрд өөрчлөлт оруулна.",37991d9ca7bad2f0b080faedd6dffa825f21ccf57cddb55a6661e77b6e66e8b8
1.3,"1.3. Дотоод журмын хэрэгжилтийг нэгжийн дарга нар зохион байгуулж, Захиргаа,  удирдлагын газар хяналт тавина.",d14b4f18e94680e5b3911ce8ac4c358c544db23def94725b65d8af3968b024ef
2.1,"2.1. Академийн удирдлага, зохион байгуулалт
2.1.1 Академийн бүтэц орон тоог Харилцаа холбооны асуудал эрхэлсэн төрийн  захиргааны төв байгууллага баталж, батлагдсан бүтэц орон тооны дагуу үйл  ажиллагаагаа хэрэгжүүлнэ.
2.1.2 Захирал нь Академийн үйл ажиллагааг хууль тогтоомжийн дагуу удирдан зохион  байгуулах бөгөөд Цахим хөгжил, харилцаа холбооны сайдад ажлаа хагас болон  бүтэн жилээр тайлагнана.
2.1.3 Захирлын эзгүйд түүний даалгасан албан хаагч байгууллагын өдөр тутмын үйл  ажиллагааг удирдан зохион байгуулна. Захирлын түр эзгүйд түүний ажлыг орлон  гүйцэтгэж байгаа албан хаагч нь захирлын тушаал гаргаж, гарын үсэг зурах эрхгүй  байна.
2.1.4 Нэгжийн дарга нар тухайн нэгжийн хариуцсан чиг үүрэг, эрхэлсэн ажлын хүрээнд  байгуулагдаж буй гэрээ, хэлэлцээрт гарын үсэг зурна.
2.1.5 Захирал нь өөрийн эрхэлсэн асуудлын хүрээнд нэгжийн дарга нар, ерөнхий  нягтлан бодогч, албан хаагчдын төлөөллөөс бүрдсэн захирлын зөвлөлийг  байгуулж болно
2.1.6 Нэгжийн дарга нар өөрийн шууд удирдлагын албан хаагчийг өдөр тутмын  удирдлага, зохион байгуулалтаар хангаж, нэгжийн үйл ажиллагааны  төлөвлөгөөний биелэлт, хүлээсэн үүрэг, чиглэл, ажлын гүйцэтгэл, хэрэгжилтийг  дээд шатны удирдлагын өмнө хариуцна. Хэлтсийн даргын эзгүйд түүний эрх,  үүргийг хэлтсийн ахлах мэргэжилтэн, эсхүл түүний даалгасан мэргэжилтэн,  албаны даргын эзгүйд харьяалах хэлтсийн дарга, ахлах мэргэжилтэн, эсхүл  даалгасан мэргэжилтэн орлоно.
2.1.7 Байгууллага нь ажилтнуудын санал хүсэлтийг ил тод, чөлөөтэй, нээлттэй хүлээн  авч шийдвэрлэх, ажлын үр бүтээмжийг сайжруулах шинэлэг, үр нөлөө бүхий  саналыг шийдвэр, үйл ажиллагаандаа тусгах зэргээр албан хаагчийн өөрийн үзэл  бодол, санал санаачилгыг илэрхийлэх нөхцөлийг бүрдүүлсэн байна.
2.1.8 Захирал нь хууль тогтоомжийн дагуу Академийн албан хаагчдыг томилох,  чөлөөлөх, урамшуулах, сахилгын шийтгэл ногдуулах шийдвэрийг гаргана.
2.1.9 Энэ журмаар зохицуулагдаагүй харилцааг уг харилцааг Хөдөлмөрийн тухай  хууль, нарийвчлан зохицуулсан хууль, тогтоомж, хэм хэмжээний бусад актаар  зохицуулна.",4c975b3065527dcd4d3e0b364e7536651fce7f4bc5e85054001333e094df6822
2.2,"2.2. Ажил төлөвлөх, тайлагнах, үнэлэх
2.2.1. Академи нь байгууллагын зорилго, зорилт, үндсэн чиг үүргээ хэрэгжүүлэх үйл  ажиллагааны төлөвлөгөөтэй ажиллана. Үйл ажиллагааны жилийн төлөвлөгөөг  боловсруулж, Цахим хөгжил, харилцаа холбооны асуудал эрхэлсэн сайдаар  батлуулна.
2.2.2. Байгууллагын жилийн үйл ажиллагааны төлөвлөгөөнд тусгагдсан арга  хэмжээнээс тухайн жилд хэрэгжүүлэх арга хэмжээг тусгасан “Нэгжийн гүйцэтгэлийн төлөвлөгөө”-г боловсруулах ба Захирлаар батлуулах ажлыг  Захиргаа, удирдлагын газар жил бүрийн 01 дүгээр сарын дотор зохион байгуулна.
2.2.3. Албан хаагч нь гүйцэтгэлийн төлөвлөгөөг харьяалах нэгжийн гүйцэтгэлийн  төлөвлөгөө, ажлын байрны тодорхойлолттой уялдуулан боловсруулж, жил  бүрийн 01 дүгээр сарын дотор харьяалах хэлтсийн даргаар батлуулан  хэрэгжүүлнэ.
2.2.4. Нэгжийн ажлын гүйцэтгэл, үр дүнг дүгнэхдээ үйл ажиллагааны төлөвлөгөөний  биелэлт, удирдлагаас өгсөн үүрэг даалгаврын биелэлт, идэвх санаачилга,  бүтээлч байдал, оролцоо зэргийг харгалзан дүгнэнэ.
2.2.5. Захиргаа, удирдлагын газар бусад нэгжүүдийн үйл ажиллагааны төлөвлөгөөний  биелэлт болон гүйцэтгэлийн тайланг нэгтгэн дүгнэх ба албан хаагчдыг шагнах,  урамшуулах, хариуцлага тооцох эсэх талаар харьяа нэгжийн дарга болон  Захиргаа, удирдлагын газрын гаргасан саналыг үндэслэн захирлын тушаалаар  шийдвэрлэнэ.
2.2.6. Албан хаагчид ажлаа хагас жил, бүтэн жилээр тайлагнаж, тайланг харьяа нэгжийн даргаар хянуулан Захиргаа, удирдлагын газрын даргад танилцуулах бөгөөд өдөр  тутмын ажлын гүйцэтгэлд харьяа нэгжийн дарга нар хяналт тавина.
2.2.7. Албан хаагч эрхэлсэн ажлын хүрээнд албан ёсоор илэрхийлж хэлсэн үг, гарын  үсэг зурсан аливаа албан тоот, тайлан, дүгнэлт болон бусад эрх зүйн актын үр  дагаврыг бүрэн хариуцна.
2.2.8. Төлөвлөгөө, тайланг буруу гаргасан, хугацаа хожимдуулсан хариуцлагыг тухайн  асуудлыг хариуцсан албан хаагч, мэргэжил арга зүйн удирдлагаар хангаж, хяналт  тавиагүй нэгжийн дарга хариуцна.",4ef665b3e1fed9359e7f097a8a41c14b5148730f2a763088e6948dd08d38d1cf
2.3,"2.3. Ажлын зохион байгуулалт
2.3.1. Академийн Захирал, нэгжийн дарга нар болон бусад холбогдох албан хаагчийг  оролцуулж сард 1-ээс багагүй удаа хуралдаж байгууллагын үйл ажиллагааны  төлөвлөгөөний биелэлт, хэрэгжилт, зохион байгуулалт, бусад холбоотой  бодлогын болон цаг үеийн тулгамдсан асуудлыг хэлэлцэнэ.
2.3.2. Нэгжийн дарга нар тухайн нэгжийн өдөр тутмын үйл ажиллагааны талаар  захиралд тогтмол танилцуулж шийдвэр, чиглэл авна.
2.3.3. Нэгжийн дотоод нийт албан хаагчдыг хурлыг тухайн нэгжийн ажлын зохион  байгуулалт, ачаалал зэргээс хамаарч хурлын давтамжийг зохион байгуулна.
2.3.4. Цаг үеийн нөхцөл байдалтай холбоотойгоор болон бусад шалтгаанаар захирал, нэгжийн дарга, эсхүл ажилтнуудын санаачилгаар шуурхай хурлыг зохион  байгуулж болно.
2.3.5. Албан хаагчийн албаны цахим шуудан (и-мэйл)-аар хүргүүлсэн мэдээ,  мэдээлэлтэй албан хаагчийг танилцсанд тооцох ба хурал, уулзалт, олон нийтийн  арга хэмжээний мэдээг цахим шуудан, байгууллагын дотоод удирдлагын систем,  утас, албан ёсны бүх албан хаагчид элссэн хаалттай мэдээллийн сувгаар хүргэнэ.  Бусад хэлбэрээр зарласан хурал, уулзалтад оролцоогүй нь албан хаагчид  хариуцлага хүлээлгэх үндэслэл болохгүй.
2.3.6. Албан хаагчийн ажил үүргийг хуваарилахдаа 1 албан хаагчид ногдох ажлын  ачаалал жигд байдлаар хуваарилах, хэт ачаалал үүрүүлэхгүй байх, албан  хаагчийн ажил амралтын цагийн тэнцвэрийг тооцоолох зэргээр албан хаагчд  ээлтэй байдлаар хуваарилна.",d32b276e2844a26970e28c74a956149c0b82c18a331160aada8abef25f303cee
2.4,"2.4. Гадаад харилцаа, хамтын ажиллагаа
2.4.1. Хууль, тогтоомжид заасан эрх хэмжээний хүрээнд ижил төстэй үйл ажиллагаа  явуулдаг Монгол Улсын болон гадаад орны, олон улсын байгууллагатай эрх  хэмжээний хүрээнд хамтран ажиллаж болно.
2.4.2. Гадаад харилцаа, хамтын ажиллагааны чиглэлээр гэрээ, хэлэлцээр байгуулах,  нэмэлт, өөрчлөлт оруулахдаа Монгол Улсад хүчин төгөлдөр мөрдөгдөж байгаа  хууль тогтоомж, шийдвэрийг мөрдлөг болгон, газрын үйл ажиллагаа, зорилт  зорилгод нийцсэн байхаар боловсруулна.
2.4.3. Шаардлагатай тохиолдолд Цахим хөгжил, харилцаа холбооны яамнаас чиглэл,  Гадаад хэргийн яамнаас холбогдох дүрэм, журамд заасны дагуу зөвшөөрөл авна.",abfe62fab044a4177e87f66e5d33b0cf669e1b66a52de12c64d6b2418871bf8d
2.5,"2.5. Байгууллагын тамга, тэмдэг, хэвлэмэл хуудас хэрэглэх
2.5.1. Академи нь байгууллагын дүрэмд заасны дагуу тогтоосон журмаар үйлдсэн  тэмдэг, хэвлэмэл хуудас хэрэглэх бөгөөд Засгийн газраас баталсан “Тамга,  тэмдэг, баталгааны тэмдэг, хэвлэмэл хуудас хийлгэх, хэрэглэх заавар”-ыг мөрдөж  ажиллана.
2.5.2. Тэмдгийг захирлаас итгэмжлэн хариуцуулсан этгээд түшиж, ашиглалт,  хамгаалалт, хадгалалтыг хариуцах бөгөөд тухайн албан хаагч өвчтэй, чөлөөтэй,  ээлжийн амралттай байх үед эзгүйд захирлын тушаалаар томилогдсон албан  хаагч түшнэ.
2.5.3. Академи нь бэлгэдэлтэй байх бөгөөд бэлгэдлийн загварыг захирлын тушаалаар  баталж, оюуны өмчийн асуудал эрхэлсэн төрийн захиргааны байгууллагад  бүртгүүлж, хэрэглэх эрхийг эдэлнэ.",630c9bce95538946e413c8ce429307dac362e376e1bc7a1a0457f9849f9e7825
3.1,"3.1. Ажлын цаг
3.1.1. Хөдөлмөрийн тухай хуульд заасны дагуу 7 хоногийн ажлын цаг 40-өөс илүүгүй  байна. Ажлын өдрийн үргэлжлэл 8 цаг, ажлын цаг өглөө 8:00 цагаас 10:00 цагийн  хооронд эхэлж, орой 17:00 цагаас 19:00 цагийн хооронд дуусна
3.1.2. Үдийн завсарлага",f10ace6b9dc4dcbe8529add4160a32fb157733c475808a172b44d5578c7a0d51
12.30,12.30 цагаас,1db605224f7a83258d4d3189c474ef4ea0eecc4dafa7e08870bd699ca4aae6ab
13.30,"13.30 цагийн хооронд байна.
3.1.3. Албан хаагчийн гарын хурууны хээнээс бусад биеийн давхцахгүй өгөгдөл  биометрик мэдээллийг ашиглаж албан хаагчийн цаг бүртгэлийг хөтлөн явуулах  ба цагийн бүртгэл нь албан хаагчд цалин олгох баримт болно.
3.1.4. Албан хаагч хүндэтгэн үзэх шалтгаанаар чөлөө авах, сургалтад хамрагдах, тал  өдрийн чөлөө авсан, томилолтоор ажилласан зэрэг тохиолдолд төрийн  байгууллагуудын дотоод удирдлагын нэгдсэн систем ERP-р хүсэлт илгээж  шийдвэрлүүлнэ. Хүний нөөцийн асуудал эрхэлсэн албан хаагч системээр ирсэн  хүсэлтийг шийдвэрлэхдээ гадуур ажиллах хуудас, чөлөөний хуудас, томилолтын  тушаалыг үндэслэн бүртгэнэ.
3.1.5. Ажлын цаг ашиглалтын байдалд харьяалах нэгжийн дарга, цагийн бүртгэл,  хөтлөлтийн байдалд Захиргаа, удирдлагын газар хяналт тавих бөгөөд дүнг  нэгжийн дарга нарт, нэгжийн дарга нь ажилчдад дараа сарын эхэнд мэдэгдэнэ.
3.1.6. Албан хаагч ажлаас хожимдсон буюу ажил тасалсан хугацааг цаг бүртгэлийн  системийн мэдээллийг үндэслэн хүний нөөцийн асуудал хариуцсан албан хаагч нэгтгэн цагийн тооцоог гаргах ба албан хаагчийн цалин хөлсийг олгох, ажлын үр  дүнг тооцоход харгалзан үзнэ.
3.1.7. Ажлын цагийн үеэр ажлаас гадуур явахдаа харьяалах нэгжийн даргаас “Гадуур  ажиллах хуудас” (Маягт 4)-аар зөвшөөрөл авна.
3.1.8. Албан хаагч ажлын цагаар албан ажлын шаардлагаар болон хувийн ажлаар  ажлын байраа орхиж явах тохиолдолд шууд харьяалагдах албан тушаалтанд  мэдэгдэж зөвшөөрөл авна. Хэрэв зөвшөөрөлгүй явсан бол ажил тасалсанд  тооцно.
3.1.9. Албан хаагч ажлын байрны чиг үүрэгт хамаарах чиглэлээр мэргэжил эзэмших,  мэргэжлээ дээшлүүлэх, давтан сургах сургалтад хамрагдах албан хаагчийн ажлын цагийг суралцаж байх хугацаанд нь богиносгож болно.
3.1.10. Албан хаагчийн цагийг эмнэлэг хөдөлмөрийн магадлах комиссын шийдвэр,  эмнэлгийн магадалгааны дагуу богиносгосон, албан хаагчтай тохиролцон  ажлын бүтэн бус өдөр, 7 хоногийн тогтоосон, хүүхдээ хөхүүлэхэд нь зориулан  2 хүртэлх насны хүүхэдтэй эх, хүүхдээ асрахад нь зориулан ганц бие эцэгт  завсарлага олгосон зэрэг тохиолдолд эдгээр цагуудыг хөнгөлөлттэй цагт  бүртгэнэ. Энэ нь албан хаагчд ээлжийн амралт олгох, ажилласан хугацааг  тооцох зэрэг хөдөлмөрийн хууль тогтоомжийг хэрэглэхэд хязгаарлалт болохгүй.
3.1.11. Ажлын цагийг хүндэтгэн үзэх шалтгаангүйгээр сард 60-120 минут хоцорсон, ажлын 2-оос дээш хоног тасалсан албан хаагчд хөдөлмөрийн гэрээ цуцлах  хүртэл сахилгын шийтгэл ногдуулна.",7901da930806b8a58d38d0428b48e7a2ff8e02da4b78cf8d72a7149980cb0d4b
3.2,"3.2. Амралтын цаг
3.2.1. Албан хаагчийн ээлжийн амралтыг батлагдсан хуваарийн дагуу тухайн жилд  багтаан биеэр эдлүүлэх ба албан хаагч өөрийн хүсэлтээр ээлжийн амралтыг  тухайн жилдээ багтаан 2 хуваан эдэлж болно.
3.2.2. Шинээр томилогдсон болон хүүхэд асрах чөлөөний хугацаа дуусаж ажилдаа  эргэн орсон албан хаагчд Хөдөлмөрийн гэрээ байгуулснаас хойш 6 сар  ажилласан бол түүнд ээлжийн амралт эдлэх эрх үүсэх ба ээлжийн амралт  хоорондын хугацаа 11 сараас доошгүй байна.
3.2.3. Ажлын зайлшгүй шаардлагаар ээлжийн амралтаа биеэр эдэлж чадаагүй  албан хаагчтай тохиролцсоны дагуу Хөдөлмөрийн тухай хуулийг үндэслэн  удирдлагын шийдвэрээр мөнгөн урамшуулал олгоно.
3.2.4. Ажилтнуудын ээлжийн амралтын хуваарийг нэгжээс ирүүлсэн саналыг  үндэслэн тухайн жилийн эхний улиралд багтаан Захирлын тушаалаар баталж  мөрдөнө.
3.2.5. Ажлын бүтэн бус цагаар ажилладаг албан хаагчийн тухайн ажлын жилд  ажилласан нийт цагийг ердийн ажлын өдөрт шилжүүлж ажилласан хугацаанд  нь ногдох ээлжийн үндсэн болон нэмэгдэл амралтын өдрийг тооцож олгоно.
3.2.6. Албан хаагчд жил бүр ээлжийн амралт олгож биеэр эдлүүлнэ. Албан хаагч өөрийн хүсэлтээр ээлжийн амралтаа тухайн жилдээ багтаан хэсэгчлэн эдэлж  болох бөгөөд ээлжийн амралтын аль нэг тасралтгүй  амралтын хугацаа нь ажлын 10 өдрөөс доошгүй байна.
3.2.7. Ээлжийн амралтын үргэлжлэх хугацаанд жирэмсний болон амаржсаны амралт, хөдөлмөрийн чадвар түр алдсан, ажил олгогчоос албан ёсны  чөлөөтэй байсан хугацааг оруулахгүй.
3.2.8. Хүүхэд асрах чөлөөтэй байсан, цэргийн жинхэнэ алба  хаасан, 6 сараас дээш хугацаагаар сургалтад хамрагдсан, гэрч, хохирогчийн  хамгаалалтад байсан, ажил үүрэг гүйцэтгэхийг эрх бүхий байгууллагаас  түдгэлзүүлсэн хугацаанд ээлжийн амралт тооцож олгохгүй.
3.2.9. Албан хаагч ээлжийн амралт олгох мэдэгдлийг хүний нөөцийн асуудал  хариуцсан албан хаагчид өгөх ба хүний нөөцийн асуудал хариуцсан  ажилтнаас Ерөнхий нягтлан бодогчид хүргүүлж, ээлжийн амралтын мөнгөн  олговрыг бодуулж олгоно.
3.2.10. Албан хаагч ажлаас халагдах, чөлөөлөгдөх тохиолдолд түүнтэй ээлжийн  амралтын тооцоог заавал хийнэ.
3.2.11. Албан хаагчийн ээлжийн амралт болон чөлөөтэй байх хугацаанд ажил  үүргийг нь түр орлон гүйцэтгэх хуваарийн дагуу холбогдох албан хаагч гүйцэтгэнэ. Ээлжийн амралтыг тухайн албан хаагчийн эзгүйд түр орлон  гүйцэтгэх албан хаагчийн амралтын хугацаатай давхцуулж олгохгүй.
3.2.12. Ажлын зайлшгүй шаардлага, удирдлагаас өгсөн үүрэг, чиглэлийн дагуу илүү  цагаар болон нийтээр амрах баярын өдөр, долоо хоногийн амралтын өдөр  ажилласан албан хаагчийг нөхөж амраах эсхүл илүү цагийн хөлс олгох  асуудлыг холбогдох хууль, журамд заасны дагуу шийдвэрлэнэ.
3.2.13. Албан хаагч хувийн чөлөө авах хүсэлтээ бичгээр гаргаж, нотлох баримтыг  хавсарган өгнө. Албан хаагч эмнэлгийн магадалгааг бичигдсэн  хугацаанаас хойш ирүүлсэн тохиолдолд өвчтэй байсан хугацааг ажил  тасалснаар тооцно.
3.2.14. Ажлын 2 хүртэл өдрийн чөлөөг Нэгжийн дарга “Чөлөөний хуудас” (Дотоод  журмын хавсралт)-аар, 2-оос дээш өдрийн чөлөөг Нэгжийн даргын санал,  холбогдох баримтыг үндэслэн Академийн захирлын тушаалаар олгоно.",198c04d29114a4b85d973037760ab149e5832aaf9f04d5cda414de6659f5bbb7
3.3,"3.3. Хүндэтгэн үзэх дараах шалтгаантай албан хаагчд цалинтай чөлөө олгоно:
3.3.1. Эхнэр, нөхөр, хүүхэд, төрсөн эцэг эх нас барсан тохиолдолд ажлын 10 хоног,  хадам эцэг, эх, төрсөн ах, эгч, дүү, өвөг эцэг, эмэг эх нь нас барсан тохиолдолд ажлын 5  өдөр;
3.3.2. Гэр бүлийн гишүүн нь магадлан итгэмжлэгдсэн эмнэлгийн оношоор хүнд  өвчний учир асрах, сувилахад эмнэлгийн дүгнэлтийг харгалзан 1 сар хүртэлх хугацаагаар;
3.3.3. Ерөнхий боловсролын сургуулийн эргүүл хийх тохиолдолд эргүүл хийсэн  хугацаагаар;
3.3.4. Аав болсон албан хаагчд шинээр төрсөн хүүхдээ асрахад нь зориулан ажлын  10 өдөр;
3.3.5. нярай хүүхэд үрчлэн авсан албан хаагчд хүүхдийг нь 60 хоногтой болтол  хугацаагаар;
3.3.6. Албан хаагч хурим хийхэд ажлын 5 өдөр;
3.3.7. Бакалавр, магистр, докторын сургалт, мэргэшлийн сургалтад суралцах  шалтгаанаар ажлын цагийн хугацаанд;
3.3.8. Албан хаагч бакалавр, магистр, докторын сургалтад суралцах хугацаанд  сургалтын 6 хүртэлх сарын цалингүй чөлөө авч болох ба суралцах шалтгаанаар ажлын  цагийн чөлөө хүссэн тохиолдолд тухайн сургуулийн тодорхойлолт, албан бичиг, албан  хаагчийн гаргасан хүсэлт, Нэгжийндаргын саналыг үндэслэн Академийн захирал шийдвэрлэнэ.
3.3.9. Хөдөлмөрийн тухай хуульд заасны дагуу албан хаагч эх (ганц бие эцэгт нэгэн  адил хамаарна)-д хүүхэд хөхүүлэх, асрах завсарлага, хүүхэд асрах чөлөө, мөн хуульд  заасны дагуу албан хаагч эхэд жирэмсний болон амаржсаны амралт олгоно.",a9e6c2e8eb8ec5d0345b5ec33f7ed287fb054880afd27c794064b5cb62052977
3.4,"3.4. Албан томилолт
3.4.1. Албан хаагчийг захирлын тушаалаар тодорхой хугацаагаар орон нутаг болон  гадаад улсад томилон ажиллуулахдаа холбогдох журмын хүрээнд зардал олгоно.
3.4.2. Томилолтын хуудас, тушаалд томилолтын хугацаа, гүйцэтгэх ажил, чиг  үүргийг заана.
3.4.3. Гадаад томилолтын байр, хотын доторх тээврийн зардал, орон нутагт  ажиллах томилолтын зардал болон гадаад томилолтын хоолны зардлыг санхүү, төсөв  хариуцсан төрийн захиргааны төв байгууллагаас гаргасан журам жишгийг баримтлан эрх  бүхий албан тушаалтны шийдвэр, батлагдсан зардлын төсвийг үндэслэн урьдчилгаагаар  олгож болно.
3.4.4. Албан хаагч томилолтоо дуусгаж ирснээс хойш ажлын 3 өдөрт багтаан албан  томилолтын тайлан, зардлын тооцоог гаргаж харьяа хэлтсийн дарга, захиралд танилцуулж,  материалыг Захиргааны асуудал эрхэлсэн нэгжид ирүүлнэ.",717a32f17495648be7348af4690e8117853be6655e3071fe98b22004c6c5923b
4.1,"4.1. Ажил олгогч дараах үүрэг хүлээнэ:
4.1.1. Албан хаагчийн хөдөлмөрийн аюулгүй байдал, эрүүл ахуйн шаардлагад  тохирсон, ялгаварлан гадуурхалт, дарамт, хүчирхийлэл, бэлгийн дарамтаас ангид ажлын  байраар хангах;
4.1.2. Хөдөлмөрийн үр дүнд нь тохирсон цалин хөлс олгох, цалин хөлс, ажил  байдлын тодорхойлолтыг албан хаагчийн хүсэлтээр гаргаж өгөх;
4.1.3. Албан хаагчийн эрх, эрх чөлөө, хууль ёсны ашиг сонирхол, нэр төр, алдар  хүндэд хүндэтгэлтэй хандах, албан хаагчийн хувийн нууцыг задруулахгүй байх;
4.1.4. Байгууллагын дүрэмд заасан чиг үүрэг, үйл ажиллагааны чиглэл,  байгууллагын зорилгод үндэслэн ажилчдын ажлын байрны тодорхойлолтыг оновчтой  тогтоож, баталж мөрдүүлэх;
4.1.5. Албан хаагчийн ажил үүргээ гүйцэтгэхэд шаардлагатай бичиг хэргийн  хэрэгсэл, шаардлагатай тоног төхөөрөмж, техник хэрэгслээр хангах, цахимаар ажиллах  шаардлага үүссэн нөхцөлд ажиллах программ хангамж, техникийн туслалцаа үзүүлэх,  нөхцөлийг бүрдүүлэх;
4.1.6. Ажиллах нөхцөл, нийгмийн баталгааг хангах нөхцөлийг бүрдүүлж ажиллах;
4.1.7. Албан хаагчийн мэдлэг, мэргэшил, ур чадварыг дээшлүүлэх, хүний нөөцийн  манлайллыг хангах зорилгоор сургалтын хэрэгцээний санал авч, түүнд тулгуурлан дотоод  сургалтын төлөвлөгөөг баталж хэрэгжүүлэх;
4.1.8. Хөдөлмөрийн бүтээмж, ажил, үйлчилгээний чанарыг дээшлүүлэх,  хөдөлмөрийн эрүүл ахуй, аюулгүй байдлыг хангах, ажиллах нөхцөлийг сайжруулах арга  хэмжээ авах;
4.1.9. Хөдөлмөрийн хууль тогтоомж, Хөдөлмөрийн гэрээ, Хөдөлмөрийн дотоод хэм  хэмжээг дагаж мөрдөх,
4.1.10. Албан хаагчд ажлын байрны тодорхойлолт, Хөдөлмөрийн гэрээний хувийг  баталгаажуулж өгөх;
4.1.11. Хөдөлмөрийн сахилга, дэг журмыг сайжруулах ажлыг зохион байгуулж,  албан хэргийн эмх цэгц, ажлын цаг ашиглалтын байдалд өдөр тутам хяналт тавих;
4.1.12. Байгууллагын өмч хөрөнгийн хадгалалт, хамгаалалтыг сайжруулах, галын  аюулаас урьдчилан сэргийлэх арга хэмжээ авах;
4.1.13. Ажилтнуудыг жилд 1-ээс доошгүй удаа эрүүл мэндийн үзлэгт хамруулж, нийт  ажилтнуудад улирал тутам эрүүл мэндийн сургалтыг зохион байгуулах;
4.1.14. Байгууллагын мэдээллийн самбар, цахим хуудас, сошиал сүлжээнд ажлын  байрны бэлгийн дарамтын тухай мэдээлэл, зурагт хуудас, зөвлөмж байршуулах, ажлын  байрны бэлгийн дарамтын талаарх гомдол, мэдээлэл хүлээн авах нөхцөлөөр хангах;
4.1.15. Албан хаагч эрхэлж буй ажил, албан тушаалтай холбоотой болон бусад  хувийн шалтгаанаар ажил олгогчид хандах, ажил эрхлэлт, ажлын байрны дарамт,  хүчирхийлэл, ялгаварлан гадуурхалт, бэлгийн дарамтад өртсөн, өртөж болзошгүй нөхцөл  байдлын талаар өргөдөл, гомдол гаргах нөхцөлөөр хангах, шийдвэрлэх, дээрх хүчин  зүйлсийг арилгах арга хэмжээ авах;
4.1.16. Эрх бүхий байгууллагаас баталсан журмын дагуу томилолтын зардлыг  тооцож олгох;
4.1.17. Тухайн жилийн батлагдсан төсвийн хүрээнд нийтийн тээврийн хэрэгслээр  зорчих нэг өдрийн зардал, хоолны мөнгөний хэмжээг тогтоон, сар тутам олгох;
4.1.18. Цалин хөлсийг хууль тогтоомжид зааснаар тогтоож, сард 2 удаа олгох, албан  хаагчийн бичгээр гаргасан хүсэлтийг үндэслэн цалингийн хугацаанаас өмнө олгох;
4.1.19. Ажил дүгнэх, шагнал урамшуулал олгох, ажлын үр дүнтэй нь холбогдуулан  цалин хөлсийг нэмэгдүүлэх болон бууруулах, холбогдох нэмэгдэл, хөнгөлөлт, нөхөн  олговор олгох арга хэмжээг Төрийн албаны тухай болон Хөдөлмөрийн тухай хууль,  холбогдох журмын хүрээнд шийдвэрлэх;
4.1.20. Дотоод журмыг боловсронгуй болгох, түүний хэрэгжилтийг хангахтай  холбогдсон шаардлагатай арга хэмжээг тухай бүр авах, хүчин төгөлдөр мөрдөгдөж буй  хууль тогтоомжид өөрчлөлт орсон, шинэчлэгдсэн тохиолдолд түүнд нийцүүлэн тухай бүрт  өөрчлөлт оруулах;
4.1.21. Гаргасан хуваарийн дагуу ажилчдад ээлжийн амралт эдлүүлэх,
4.1.22. Хөдөлмөрийн тухай хууль, байгууллагын дүрэмд заасан бусад үүрэг.",13f18b057b1b780298e594c6c594d1cef12ae29c2b301db5ad21178ab4ebd192
4.2,"4.2. Ажил олгогч дараах эрх эдэлнэ:
4.2.1. Хууль тогтоомжид нийцүүлэн эрхээ хэрэгжүүлэх, байгууллагын хэмжээнд  мөрдөгдөх дүрэм, журам, зааварчилгаа баталж мөрдүүлэх;
4.2.2. Хөдөлмөрийн харилцааны шаардлагад холбогдох хууль тогтоомж, дүрэм  журмын хүрээнд хяналт тавьж хариуцлага хүлээлгэх;
4.2.3. Ажлын цагийн бүртгэлийн мэдээг харгалзан ажлын цагаар эзгүй байсан  (нэгжийн даргын бичгээр өгсөн зөвшөөрөлгүй, гадуур ажиллах хуудас, өвчтэй, чөлөөтэй  нотлох баримтгүй гэх мэт) цаг ашиглалттай холбоотой зөрчилд сахилгын арга хэмжээ авах;
4.2.4. Хөдөлмөрийн тухай хууль, Хөдөлмөрийн гэрээ, энэхүү журамд заасан  үндэслэлээр хөдөлмөрийн харилцааг үүсгэх, дуусгавар болгох;
4.2.5. Албан хаагчийн ажлын ур чадвар, ажлын үр дүн, гүйцэтгэлд үнэлэлт дүгнэлт  өгөх, ажлын гүйцэтгэлийн дагуу шагнаж урамшуулах, арга хэмжээ авах;
4.2.6. Хөдөлмөрийн тухай хуульд зааснаар албан хаагчтай хөдөлмөрийн гэрээ  байгуулах, хөдөлмөрийн гэрээг дуусгавар болгох, цуцлах.
4.2.7. Ажилтнаас хөдөлмөрийн гэрээ, ажлын байрны тодорхойлолтоор хүлээсэн  үүргээ чанартай, бүрэн гүйцэтгэхийг шаардах.
4.2.8. Албан хаагчийг зохих журмын дагуу шагнаж урамшуулах, буцалтгүй тусламж,  тэтгэмж олгох.
4.2.9. Ажилтнуудаас байгууллагын эд хөрөнгө, тоног төхөөрөмжийг зориулалтын  дагуу ашиглахыг шаардах
4.2.10. Сахилгын зөрчил гаргасан албан хаагчд хариуцлага хүлээлгэх.
4.2.11. Хөдөлмөрийн сахилга бат, ажлын бүтээмжийг дээшлүүлэх талаар  ажилтнуудад шаардлага тавьж, хэрэгжилтийг хангуулах.
4.2.12. Ажлын бүтээмж, үр дүнтэй нь холбогдуулан урамшуулал олгох.
4.2.13. Хөдөлмөрийн тухай хууль, байгууллагын дүрэм, бусад хууль тогтоомжид  заасан эрх.",ed2d94d9b30c715ed166861557a11bd35f2d0c522f576038c7a337218906a831
4.3,"4.3. Албан хаагч дараах үүрэг хүлээнэ:
4.3.1. Байгууллагын алсын хараа, эрхэм зорилго, үнэт зүйлийг эрхэмлэх,  байгууллагын тогтсон соёлыг мөрдөх, түгээн дэлгэрүүлэх;
4.3.2. Хууль тогтоомж, Хөдөлмөрийн гэрээ, энэхүү журамд заасны дагуу хүлээсэн  албан үүргээ мэргэжлийн өндөр түвшинд гүйцэтгэж энэхүү журмыг чанд сахиж, мөрдөж  ажиллах;
4.3.3. Ажлын байрны тодорхойлолт, ажлын төлөвлөгөө, Хөдөлмөрийн гэрээнд  заасан чиг үүргийг хэрэгжүүлэх удирдлагаас өгсөн үүрэг даалгаврыг шуурхай гүйцэтгэж,  биелэлтийг хугацаанд нь эргэн танилцуулж, захирах, захирагдах ёсыг чанд баримтлах;
4.3.4. Эрхэлсэн ажилдаа идэвх санаачилга гаргаж, мэдлэг, мэргэшил, ур чадвараа  байнга дээшлүүлэх зорилт тавин сургалтад хамрагдаж, хувь хүний хөгжлийг дээшлүүлж,  ажлын цагийг үр бүтээлтэй ашиглах;
4.3.5. Хамтран ажиллагсадтайгаа соёлтой харилцаж, мэргэжил арга зүйн  туслалцаа үзүүлэх, багаар ажиллах чадвараа тасралтгүй нэмэгдүүлэх;
4.3.6. Баримт бичгийг боловсруулах, хянах, танилцах шатны явцын болон тухайн  баримт бичигтэй холбоотой нууцлалыг хариуцах, “Албан хэрэг хөтлөлтийн нийтлэг журам”- ын дагуу албан хэргийг боловсруулах, албан хэргийн хүрээнд бий болсон судалгаа,  холбогдох материалыг байгууллагын архив, бичиг хэргийн мэргэжилтэнд жил бүрийн  нэгдүгээр улиралд багтаан шилжүүлэх;
4.3.7. Хувийн мэдээллийн талаарх өөрчлөлтийг тухай бүр мэдэгдэж, хувийн хэрэгт  тэмдэглүүлэх, нэмэлт баяжилт хийх саналыг хүний нөөцийн асуудал хариуцсан албан  хаагчд гаргах, дотоод үйл ажиллагааны удирдлагын нэгдсэн систем (erp-e-mongolia.mn)-д  мэдээллээ тогтмол оруулах, байнга шинэчлэх;
4.3.8. Ажил үүргээ гүйцэтгэхдээ албан ёсны цахим шуудан (@ema.gov.mn)-г  ашиглах бөгөөд зайлшгүй шаардлагатай тохиолдолд хувийн цахим шуудангаар  харилцахдаа мэдээллийн аюулгүй байдлыг ханган ажиллах;
4.3.9. Албан томилолтоор ажилласан, сургалтад хамрагдсан тохиолдолд ирснээс  хойш ажлын 5 өдөрт багтаан илтгэх хуудсаар холбогдох албан тушаалтанд танилцуулах,  шаардлагатай тохиолдолд гадаадад албан томилолтоор ажилласан, сургалтад хамрагдсан  бол нийт ажилтнуудад мэдээлэл хийх;
4.3.10. Эд хөрөнгө, техник хэрэгсэл, материалыг хайрлан хамгаалж, хэмнэлттэй  зарцуулж, өрөө тасалгааг эмх цэгцтэй, цэвэр байлгах, цар тахал, халдварт өвчнөөс  урьдчилан сэргийлэх;
4.3.11. Өөрийн нэр дээр бүртгэлтэй болон ажилтнууд дундаа хамтран ашиглах  зориулалттай эд хөрөнгийн бүрэн бүтэн байдлыг хариуцах, эд хөрөнгө, материалыг  хэмнэлттэй зарцуулах, байгууллагын өмч хөрөнгийг зохих зөвшөөрөлгүй авч явахгүй байх,  өөрийн буруугаас байгууллагад учруулсан хохирлыг нөхөн төлөх;
4.3.12. Ажилдаа ирэх болон ажлаас тарахдаа цаг бүртгэлийн төхөөрөмжид цагаа  бүртгүүлэх, гадуур ажилласан, чөлөө авсан зэрэг тохиолдолд Ажлын цагийн бүртгэл,  хүсэлтийг дотоод үйл ажиллагааны удирдлагын нэгдсэн систем (erp-e-mongolia.mn)-д  мэдээллээ тогтмол илгээж байх
4.3.13. Өмнөх ажил эрхлэлт, боловсролын байдал, ур чадварын талаар үнэн зөв  мэдээлэл өгч, үнэн зөв бичиг баримт гаргаж өгөх;
4.3.14. Ажилдаа ирэхдээ болон албан томилолтоор ажиллах үед ажил үүргээ  гүйцэтгэх чадвартай байх, согтууруулах ундаа болон мансууруулах эм, сэтгэцэд нөлөөт  бодис хэрэглэхгүй байх, бусдад дарамт шахалт, хүчирхийлэл үзүүлэхгүй байх;
4.3.15. Зөвшөөрөгдсөн цэгээс бусад газар, албан ажлын өрөөнд утаат болон  электрон тамхи хэрэглэхийг хориглох;
4.3.16. Ажлын байранд ажлын цагаар этгээд содон, хурц тод, хэт том гоёл чимэглэл  бүхий гутал, хувцас өмсөхгүй ба чөлөөт загвараар хувцаслахгүй байх;
4.3.17. Ажлын байранд, ажлын цагаар интернэт ашиглан олон нийтийн сүлжээнд  нэвтрэх, удирдлагын зөвшөөрөлгүйгээр гаднын хүн байлгах, албан ажилд хамааралгүй үйл  ажиллагаа (худалдаа, сүлжээний бизнес гэх мэт) явуулахгүй байх;
4.3.18. Ажлын цаг дууссаны дараа компьютер, техник хэрэгсэл, гэрэл цахилгааныг  унтрааж, сейф, өрөөний хаалгыг түгжих;
4.3.19. Байгууллага, иргэдээс ирүүлсэн өргөдөл, санал, гомдолд хурдан шуурхай  ажил хэрэгчээр хандаж Архив, албан хэрэг хөтлөлтийн тухай хууль болон Иргэдээс төрийн  байгууллага, албан тушаалтанд гаргасан өргөдөл, гомдлыг шийдвэрлэх тухай хуульд  заасан хугацаанд шийдвэрлэж хариу өгөх;
4.3.20. Энэ журмын",a0cd77fb395433411edb32e5b7582696ce64e4a205d16023adfac122adf02a8f
6.2,"6.2-т заасан бичиг баримтыг бүрдүүлэн хүний нөөцийн асуудал  хариуцсан албан хаагчд өгөх;
4.3.21. Ажлын зайлшгүй шаардлагаар уртасгасан цагаар ажиллах;
4.3.22. Байгууллагаас зохион байгуулж байгаа олон нийтийн арга хэмжээнд идэвхтэй  оролцох;
4.3.23. Хөдөлмөрийн тухай хууль, Хөдөлмөрийн гэрээ, бусад хууль тогтоомжид  заасан үүрэг хүлээх
4.3.24.",6d8ddcf5eee4fe3ece17306f8c60628828668b92bd663a8bebcb78a0510cc27a
4.4,"4.4. Албан хаагч дараах эрх эдэлнэ:
4.4.1. Цалин хөлсөө нэмэгдүүлэх, албан тушаал ахих, ажиллах нөхцөл, нийгмийн  баталгаагаа сайжруулах, техник хэрэгслээр хангуулах, дотоод, гадаадын сургалтад  хамрагдахтай холбогдсон санал, хүсэлтийг удирдах албан тушаалтанд амаар буюу бичгээр  уламжлах;
4.4.2. Өөрийн хувийн хэрэг болон гүйцэтгэлийн тайланг дүгнэсэн үнэлгээтэй  танилцаж, шаардлагатай гэж үзвэл хувийн хэрэгтээ нэмэлт тайлбар хийлгэх;
4.4.3. Ажил байдлын тодорхойлолтыг гаргуулах;
4.4.4. Албан ажлынхаа зэрэгцээ хууль тогтоомж, олон улсын гэрээгээр болон  Засгийн газраас баталсан журмаар зөвшөөрсөн ажил, багшлах, эрдэм шинжилгээний болон  бүтээлч ажил, ашиг сонирхлын зөрчил үүсэхээргүй бол Академийн захирлын өгсөн  зөвшөөрлийн үндсэн дээр бусад алба, гэрээний ажил, үүрэг давхар эрхлэх;
4.4.5. Шаардлагатай тохиолдолд удирдлагын олгосон зөвшөөрлийн дагуу  цахимаар ажиллах;
4.4.6. Ажлын гүйцэтгэлээ шударгаар үнэлүүлэх, нэгжийн удирдлагаас өгсөн  үнэлгээтэй танилцах, үнэлгээ хүлээн зөвшөөрөхгүй тохиолдолд дээд шатны удирдлагад  хүсэлт гаргаж шийдвэрлүүлэх;
4.4.7. Аливаа төрлийн хүчирхийлэл, ажлын байрны бэлгийн дарамтын асуудлаар  мэдээлэл авах, сургалтад хамрагдах, гомдол, мэдээллийг шийдвэрлэх ажлын хэсгийн  бүрэлдэхүүнд ажиллах;
4.4.8. Ажлын байрны бэлгийн дарамтын талаар өөрийн болон бусдын өмнөөс  гомдол, мэдээлэл гаргах, тайлбар, нотлох баримт өгөх;
4.4.9. Ажлын байрны бэлгийн дарамт, ялгаварлан гадуурхалд өртсөн тохиолдолд  ажил олгогчид хандах, шийдвэрийг эс зөвшөөрвөл холбогдох хууль хяналтын байгууллагад  хандах;
4.4.10. Хөдөлмөрийн тухай хууль болон энэхүү журамд заасан баталгаагаар  хангагдах;
4.4.11. Цалин хөлсөө нэмэгдүүлэх, албан тушаал ахих, ажиллах орчин, нөхцөл,  нийгмийн баталгаагаа сайжруулах, өөрийн улсад болон гадаад улсад мэргэжлийн чиг  үүргийн сургалтад хамрагдахтай холбогдуулан санал, хүсэлт гаргаж шийдвэрлүүлэх.
4.4.12. Ажил олгогчид өргөдөл, гомдол, хүсэлт гаргаж шийдвэрлүүлэх, албан ёсны  хариу авах
4.4.13. Ээлжийн амралт эдлэх, энэхүү журамд заасан цалинтай болон цалингүй  чөлөө авах;
4.4.14. Хөдөлмөрийн тухай хууль, Хөдөлмөрийн гэрээ, бусад хууль тогтоомжид  заасан эрх эдлэх.",6db6f25c98493b244819f04e697dd7634b0d34cfbd83f2ff2687f376e32a88a0
5.1,"5.1. Цалин хөлс олгох
5.1.1. Цалингийн жишиг, үндсэн цалинг Захирлын тушаалаар батлах бөгөөд  Хөдөлмөрийн тухай хуульд заасан цалин хөлс тогтоох зарчим болон эрх бүхий  байгууллагаас баталсан дүрэм, журамд үндэслэнэ.
5.1.2. Цалин хөлсний бүрэлдэхүүнд үндсэн цалин, нэмэгдэл, нэмэгдэл хөлс,  ээлжийн амралтын цалин, шагнал урамшуулал багтана.
5.1.3. Тухайн жилийн батлагдсан төсөвтэй уялдуулж урамшуулал олгож болно.
5.1.4. Албан хаагчийн цалинг сар бүрийн 8, 23-нд олгоно. Тухайн өдөр нь амралтын  өдөр таарсан тохиолдолд тухайн долоо хоногийн баасан гарагт цалинг олгоно. Хэрэв  тухайн өдөр нь нийтээр амрах баярын өдөр таарсан тохиолдолд өмнөх ажлын өдөр цалинг  олгоно.
5.1.5. Тухайн жилийн батлагдсан төсөвт үндэслэн албан хаагчийн ур чадварын,  ажилласан жилийн, мэргэшлийн зэргийн, хөдөлмөрийн хэвийн бус нөхцөлд ажилласны  болон бусад нэмэгдлийг олгож болно.
5.1.6. Албан хаагчийн буруу биш шалтгаанаар гарсан сул зогсолтын хугацаанд  албан хаагчийнг өөр ажилд шилжүүлэх боломжгүй бол Хөдөлмөрийн тухай хуульд зааснаар  сул зогсолтын үеийн олговор олгох ба харин тухайн албан хаагчийн буруугаас сул зогссон  бол түүнд олговор олгохгүй.
5.1.7. Ажил олгогч албан хаагчийнг өдрийн хоол, ажилд ирэх, буцах унаагаар  хангах эсхүл батлагдсан төсвийн хүрээнд хоол, унааны зардлыг олгоно.
5.1.8. Албан хаагчийн хүсэлтээр 1 сарын цалинг урьдчилан олгож болно. /Сахилгын  шийтгэлтэй болон туршилтын хугацаагаар, дагалднаар ажиллаж буй албан хаагчд  хамаарахгүй/
5.1.9. Албан хаагчд цалингаас гадна урамшуулал олгохдоо тухайн албан хаагчийн ажлын бүтээмж, бүтээлч байдал, харилцаа, хандлага, бие даан болон багаар хамтран  ажиллах чадваруудыг үндэслэл болгоно.",5a4a4dd2cac8bc4293ddf9bd1ad1a084f03739c3cd7027c9ef3cf5ff72b7e3a9
5.2,"5.2. Ажилчдад олгох тусламж, тэтгэмж
5.2.1. Албан хаагч өндөр насны тэтгэвэрт гарах тохиолдолд Хөдөлмөрийн тухай  хуульд заасан нэг удаагийн буцалтгүй тусламж олгох;
5.2.2. Тухайн өрхийн орлого буурч, нэг гишүүнд ногдох хэмжээ нь амьжиргааны  баталгаажих доод түвшинд хүрэхгүй болсон тохиолдолд гэр бүлийг нь дэмжихэд зориулан  албан хаагчийн 1 сарын албан тушаалын цалингаас хэтрүүлэхгүйгээр жилд нэг удаа  буцалтгүй тусламж олгох;
5.2.3. Өвчний улмаас хөдөлмөрийн чадваргүй болсон гэр бүлийн гишүүнээ тэтгэх  тохиолдолд нэг удаа 500,000 (таван зуу) мянган төгрөгийн мөнгөн тусламж үзүүлэх;
5.2.4. Албан хаагч нас барсан тохиолдолд тухайн албан тушаалын 3 сарын үндсэн  цалинтай тэнцэх хэмжээний мөнгөн тусламжийг түүний ар гэрт үзүүлэх;
5.2.5. Магадлан итгэмжлэгдсэн эмнэлгийн оношоор Эрүүл мэндийн сайд,  Хөдөлмөр, нийгмийн хамгааллын сайдын хамтран баталсан “Даатгуулагчийн хөдөлмөрийн  чадвар алдалтыг тогтооход баримтлах өвчний жагсаалт”-д орсон өвчний учир 1 сараас  дээш хугацаагаар эмчилгээ хийлгэж байгаа тохиолдолд албан тушаалын 2 сарын үндсэн  цалинтай тэнцэх хэмжээний мөнгөн тусламж үзүүлэх;
5.2.6. Эхнэр, нөхөр, хүүхэд нас барсан тохиолдолд 1,000,000 (нэг сая) төгрөг,  төрсөн болон хадам эцэг, эх, төрсөн ах, эгч, дүү, өвөг эцэг, эмэг эх нь нас барсан  тохиолдолд 400,000 (дөрвөн зуу) мянган төгрөгийн мөнгөн тусламж үзүүлэх;
5.2.7. Тус байгууллагад ажиллаж байгаад өндөр насны тэтгэвэрт гарсан хүн нас  барсан тохиолдолд түүний ар гэрт нэг удаа 1,000,000 (нэг сая) төгрөгийн мөнгөн тусламжийг  эмгэнэл илэрхийлж олгох;
5.2.8. Албан хаагч шинээр гэр бүл болж гал голомтоо бадраахад нь дэмжлэг үзүүлж  түүний гэрлэлтийн гэрчилгээг үндэслэн 500 (таван зуу) мянган нэг удаагийн мөнгөн тусламж  олгох;
5.2.9. Гэр, халаалтгүй сууцанд амьдардаг албан хаагчд өвлийн бэлтгэлээ хангахад  нь зориулж жилд нэг удаа 300,000 (гурван зуу) мянган төгрөгийн мөнгөн тусламж олгох;
5.2.10. Бусад хүндэтгэн үзэх шалтгаан, байгаль цаг уур, цар тахал зэрэг гэнэтийн  болон давагдашгүй хүчин зүйл гарсан үед цахимаар ажилласан бол мөнгөн тусламж,  тэтгэмж олгож болно.
5.2.11. Албан хаагчд хоол, унааны хөнгөлөлтийг сар тутам олгох ба ажлын нэг  өдрийн хоолны хөнгөлөлт 7’000 (долоон мянга) төгрөг, нийтийн тээврийн хэрэгслээр зорчих  хөнгөлөлт 1’000 (нэг мянга) төгрөг байна. Энэ дүн тухайн жилийн батлагдсан төсвөөс  хамааран өөрчлөгдөнө.",d23540cfe4df0a80b96a4dceba3640c849aca4cfc40949d86d7ff53d23611f60
5.3,"5.3. Нэмэгдэл хөлс
5.3.1. Ажил олгогчийн санаачилгаар өдрийн энгийн үргэлжлэх цагийг сунгаж илүү  цагаар, шөнийн цагаар, нийтээр амрах баярын өдөр, 7 хоногийн амралтын өдөр ажилласан  албан хаагчийнг нөхөн амруулаагүй бол Хөдөлмөрийн тухай хуульд заасан хувь  хэмжээгээр нэмэгдэл хөлс олгоно.
5.3.2. Албан хаагч үндсэн ажлынхаа зэрэгцээ ажил, албан тушаал хавсран буюу  хослон ажилласан, эзгүй байгаа албан хаагчийн үүргийг түр орлон гүйцэтгэсэн бол өөрийн  үндсэн ажлын цалингийн 40 хүртэлх хувийн нэмэгдэл хөлс олгоно.
5.3.3. Тагнуулын байгууллагын Аюулгүй байдлын шалгалтад хамрагдаж тэнцэж  Захирлын тушаалаар нууц хамгаалах ажилтнаар томилогдсон албан хаагчд албан  тушаалын цалингийн 30 хувь;
5.3.4. Албан тушаалтны ашиг сонирхлын мэдүүлэг болон хөрөнгө орлогын  мэдүүлгийг бүртгэх, хадгалах эрх бүхий албан тушаалтанд албан тушаалын цалингийн 30  хувь;
5.3.5. Орон нутагт албан томилолтоор ажиллах албан хаагчийнг амь насны болон  гэнэтийн ослын даатгалд даатгуулах ба зардлыг байгууллага хариуцна.
5.3.6. Байгууллагад тогтвор суурьшил, үр бүтээлтэй ажиллаж байгаа албан хаагчд насны ой, тэмдэглэлт үйл явдлыг нь тохиолдуулан мөнгөн болон дурсгалын зүйл олгоно.
5.3.7. Байгууллагаас захиалгат сургалтад албан хаагчийнг хамруулж болох ба  захиалгат сургалтын төлбөрийг байгууллага хариуцна.
5.3.8. Албан хаагч мэдлэг, боловсролоо дээшлүүлэхээр өөрийн хүсэлтээр ажлаас  цалингүй чөлөө авч буюу үндсэн ажилд сөрөг нөлөө үзүүлэхгүйгээр аливаа сургууль, курст  суралцаж болох ба үүнийг байгууллагын захиалгат сургалтад тооцохгүй бөгөөд зардлыг  хариуцахгүй.",de6138ea722e37907fa8af6d46ee77472814cbb1ca8fbbc8473025b0243af910
5.4,"5.4. Шагнал, урамшуулал
5.4.1. Эрхэлсэн ажил, албан тушаалдаа идэвх зүтгэл гаргаж үр дүнтэй ажилласан  албан хаагчийнг харьяа хэлтсийн болон Захиргааны удирдлагын хэлтсийн даргын саналыг  үндэслэн урамшуулж, шагнана.
5.4.2. Монгол улсын Засгийн газрын болон бусад салбарын байгууллагуудын  шагнал, төрийн шагнал, одон медальд нэр тодорхойлох.
5.4.3. Жилийн эцсийн ажлын үр дүнг үнэлэн тэргүүний нэгж, тэргүүний албан хаагч шалгаруулж мөнгөн шагнал олгох.
5.4.4. Улирал, хагас жил, жилийн ажлын үр дүнгээр мөнгөн урамшууллыг үндсэн  цалингийн 100 хүртэлх хувиар тооцож олгох.
5.4.5. Өргөмжлөл, талархал, үнэ бүхий зүйлээр шагнах.
5.4.6. Онцгой байдал, гэнэтийн давагдашгүй хүчин зүйлсийн үед онцгой үүрэг  гүйцэтгэсэн албан хаагчийнг хамт олны өмнө сайшааж, талархлын бичиг, мөнгөн шагнал  олгох.
5.4.7. Байгууллагын зардлаар гадаад улсад туршлага судлах аялалд оролцуулах.",6c0379f634ba6bfdf0488b6eaffd5f65f64a36ed8ac883f77886465f1eb09f48
6.1,"6.1. Иргэнийг ажилд авах
6.1.1. Сул орон тоонд албан хаагчийнг анкетын, ярилцлагын, ур чадварын 3 үе  шаттай шалгаруулж Академийн захирлын тушаалаар хугацаатай буюу хугацаагүйгээр  томилно.
6.1.2. Хүний нөөцийн бодлоготой уялдуулан их, дээд сургууль, мэргэжилтэн  бэлтгэх сургалтын байгууллагатай хамтран ажиллах, дагалднаар суралцуулах гуравласан  гэрээ байгуулж болно.
6.1.3. Хүний нөөцийн асуудал хариуцсан албан хаагч нь ажилд орохоор хүсэлт  гаргагчийн",3bd148ce7f19f9577e90ab83ab6a7a0bde7c15f3f12c7a0d7ab7e10e43ea715e
6.2,"6.2-т заасан бичиг баримтын мэдээлэл болон нэмэлт шаардлагатай мэдээллийг  авч хадгалах, ашиглах, боловсруулах эрхтэй.",28754f13659f224b419eaeca7c22c2f29d5a5018a78a624ae0fbd014dd5dd8f1
6.2,"6.2. Иргэнийг ажилд авахад дараах баримт бичиг бүрдүүлэн хувийн хэрэгт авна:
6.2.1. Ажилд орохыг хүссэн өргөдөл;
6.2.2. Төрийн албан хаагчийн анкет (Төрийн албаны зөвлөлөөс баталсан загварын  дагуу);
6.2.3. Боловсрол, мэргэжлийн диплом, гэрчилгээ (үнэмлэх, сертификат)-ний  хуулбар;
6.2.4. Хувь хүний намтар;
6.2.5. Нийгмийн даатгалын шимтгэл төлөлтийн хүчинтэй лавлагаа;
6.2.6. Иргэний үнэмлэхийн хуулбар;
6.2.7. Цээж зураг 2 хувь (3x4)
6.2.8. Шаардлагатай бусад бичиг баримт.
6.2.9. Ажилд томилогдсон өдрөөс хойш 5 хоногийн дотор бүрдүүлэх баримт бичгийг  хүний нөөцийн асуудал хариуцсан албан хаагчд бүрдүүлэн өгнө.",5610bbfc3f7919f0b8fcf0e2b443fc188e2f8207de4c966514e0eaede330d9ff
6.3,"6.3. Албан хаагчтай хөдөлмөрийн гэрээ байгуулах
6.3.1. Захиргаа, удирдлагын газар нь шинэ албан хаагчд ажлын байр, гүйцэтгэх  ажил, үүрэг, цалингийн хэмжээ зэрэг хөдөлмөрийн гэрээний гол нөхцөлийг танилцуулсны  үндсэн дээр мэргэжлийн ур чадвар, туршлагыг харгалзан Хөдөлмөрийн тухай хуулийн",0a2ad07311be81a5125df2cd9c484a4c537c401fa228ecf4ce5b829cb3175c37
50.1,"50.1  дэх хэсэгт заасан хөдөлмөрийн хугацаатай болон хугацаагүй гэрээг бичгээр байгуулна.
6.3.2. Хөдөлмөрийн гэрээнд заасан нөхцөл өөрчлөгдөх тохиолдолд уг албан  хаагчтай харилцан тохиролцсоны үндсэн дээр гэрээнд нэмэлт, өөрчлөлт оруулж болно.
6.3.3. Туршилтын хугацаагаар болон дагалднаар ажиллуулах Хөдөлмөрийн  гэрээгээр ажиллуулж буй албан хаагчийнг үндсэн ажилтнаар авахдаа ажилласан  хугацааны тайлан, нэгжийн даргын саналыг харгалзан Академийн захирлын тушаалаар  томилно.
6.3.4. Албан хаагч үндсэн ажлын цагаас бусад цагт үндсэн ажил олгогчоос өөр  ажил олгогчтой зэрэгцсэн хөдөлмөрийн гэрээ байгуулж болох бөгөөд энэ тохиолдолд  үндсэн ажил олгогчдоо мэдэгдэх, Хөдөлмөрийн тухай хуулийн",186eb33a267fb01da66a978cd87192cc6ad8c0a6819fd8f951fb2be400c987c6
57.2,57.2 дахь хэсэгт заасан  ажилд зэрэгцэн Хөдөлмөрийн гэрээ байгуулах бол ажил олгогчоос зөвшөөрөл авна.,3a402b7b4ee12566daf2845554b5ce58dd3cb7bfde858dc75668b22b67291d9f
6.4,"6.4. Хөдөлмөрийн гэрээнд дараах гол нөхцөлийг тусгана:
6.4.1. Ажлын байрны буюу албан тушаалын нэр;
6.4.2. Албан тушаалын тодорхойлолтод заасан гүйцэтгэх ажил, үүрэг;
6.4.3. Ажил гүйцэтгэх байршил;
6.4.4. Цалин хөлсний хэмжээ;
6.4.5. Хөдөлмөрийн нөхцөл;
6.4.6. Ажил, амралтын цаг;
6.4.7. Гэрээний хугацаа, гэрээг цуцлах, дуусгавар болгох үндэслэл;
6.4.8. Хүлээх хариуцлага;
6.4.9. Хөдөлмөрийн тухай хууль болон талуудын тохиролцсон бусад зохицуулалт.",b6060e2fc4919e417f87852bf033fe6ccf7ec2a7764032109a8cdba288cd5deb
6.5,"6.5. Албан хаагчийнг өөр ажил, албан тушаалд шилжүүлэх, давхар гүйцэтгүүлэх
6.5.1.Ажил олгогч нь албан хаагчтай тохиролцсоноор ажил хослон гүйцэтгүүлэх,  эзгүй байгаа албан хаагчийн үүргийг түр орлон гүйцэтгүүлэх, албан хаагчийн ажлын цагт  багтаан өөр ажил, албан тушаал хавсран гүйцэтгүүлэх, ажлын ачааллыг нэмэгдүүлэх  хэлбэрээр ажиллуулж болно
6.5.2.Албан хаагчийнг тус байгууллагад өөр ажил, албан тушаал хавсран гүйцэтгэх  болон урт хугацааны сургалт, албан томилолт, ээлжийн амралт эдэлж байгаа албан  хаагчийн үүргийг түр орлон гүйцэтгүүлэх ба эзгүй байгаа албан хаагчийнг орлон ажиллах  хугацаандаа тухайн ажил үүрэг, хариуцлагыг олгогдсон эрх, чиг үүргийн хэмжээнд  хэрэгжүүлж байгууллагын шийдвэрт өөрөөр заагаагүй бол үндсэн ажлаа нэгэн адил  хариуцна.
6.5.3.Албан хаагчийнг өөр ажилд шилжүүлэн ажиллуулахдаа цалингийн зөрүү  болон нэмэгдэл хөлсийг Хөдөлмөрийн тухай хууль, батлагдсан цалингийн сүлжээнд заасан  үндсэн цалингаас энэ журамд заасан хувь хэмжээгээр бодож олгоно.",05a24c26fbd8773911e0efba42ee4936a7b429b2bda701202da8d375c2429485
7.1,"7.1. Ажлын байранд дараах зүйлсийг хориглоно.
7.1.1. Ажлын байранд гаднын хүмүүс, галт зэвсэг, хутга мэс, тэсэрч дэлбэрэх болон  шатамхай бодис, материал, овор хэмжээ ихтэй хайрцаг, цүнх, бусад бараа, эд зүйлийг  зөвшөөрөлгүй оруулах, гаргах.
7.1.2. Ажлын цагаар бусад хэлтсүүдийн өрөөгөөр сэлгүүцэх, чанга дуу чимээ гаргах,  бусдын ажилд саад болох.
7.1.3. Хурал, семинар, сургалтын үеэр бусдын анхаарлыг татахуйц байдлаар чанга  ярих, хурал семинар таслах.
7.1.4. Ажлын цагаар ажлын байранд компьютерын болон бусад тоглоом тоглох,  унтах.
7.1.5. Ажлын байранд согтууруулах ундаа, мансууруулах бодис, сэтгэцэд нөлөөт эм  бэлдмэл хэрэглэх, хэрэглэсэн үедээ ажлын байранд нэвтрэхийг завдах. /Албан томилолт,  сургалтад хамрагдаж буй албан хаагчд нэгэн адил хамаарна/.
7.1.6. Хамт ажиллаж буй бусад албан хаагчд бэлгийн дарамт, шахалт үзүүлэх,  гадаад байдал, биеийн хэлбэр, арьс өнгө, шашин шүтлэг, бэлгийн чиг хандлага, итгэл  үнэмшил, үзэл бодлоор нь аливаа хэлбэрээр ялгаварлан гадуурхах, үндэслэлгүй зүйлээр  бусдыг гүтгэх, доромжлох.
7.1.7. Удирдлагаас өгсөн хууль ёсны үүрэг даалгавар болон ажлын байрны  тодорхойлолтод заасан чиг үүргийг хүндэтгэн үзэх шалтгаангүйгээр биелүүлэхгүй байх.
7.1.8. Нийт албан хаагчийнг хамарсан сургалт, хурал цуглаан бусад арга хэмжээг  хүндэтгэн үзэх шалтгаангүйгээр таслах, үл хүндэтгэх.
7.1.9. Ээлжийн албан хаагч ээлжийн хуваарийг дур мэдэн өөрчлөх.
7.1.10. Байгууллагын авто машиныг зориулалтын бус ажилд хэрэглэх, хариуцуулсан  эд хөрөнгө, тоног төхөөрөмж, багаж хэрэгслийг хувьдаа ашиглах, гэмтээх, устгах.
7.1.11. Захирлын зөвшөөрөлгүйгээр албаны мэдээллийг бусдад дамжуулах,  мэдээлэх.
7.1.12. Хууль бус ажил хаялт болон байгууллагын хэвийн үйл ажиллагааг  алдагдуулахад чиглэсэн бусад арга хэмжээг зохион байгуулах, тэдгээрт оролцох.
7.1.13. Ажлын шаардлагаар илүү цагаар ажиллахдаа ажлын байранд цэвэр, эмх  цэгцтэй байдлаар хандаж хонож ажилласан тохиолдолд ажлын цаг эхлэхээс өмнө ажлын  байр, өрөө тасалгааг цэвэрлэсэн байна.",500fb6d05b9257be4cd5d948a1c53f54bdd5f517839317e2328c6feff658d3ad
8.1,"8.1. Байгууллагын дүрэм, Хөдөлмөрийн дотоод журам болон Хөдөлмөрийн гэрээг  зөрчиж хөдөлмөрийн гэрээгээр хүлээсэн үүргээ хангалттай биелүүлээгүй албан хаагчд  захирлын тушаалаар сахилгын шийтгэл ногдуулна. Уг шийдвэрийг Захиргаа, удирдлагын  газар өөрт нь мэдэгдэх бөгөөд тушаалыг хувийн хэрэгт хавсаргаж, шаардлагатай гэж үзвэл  хамт олонд мэдээлэх ба шийдвэрийн хувийг холбогдох эрх бүхий байгууллагад хүргүүлнэ.",166ca23a9e66df14b0412b35b87d8c4de8f1dab1c1f922cee79a60d64737b4a6
8.2,"8.2. Албан хаагчд сахилгын шийтгэл ногдуулахдаа захирал тушаал гаргах бөгөөд  өмнө нь албан хаагчд мэдэгдэж, тайлбар авна.",51f1a486aca309dc4f2237fe4def30850c55a3f81ede4f585ae60ea921231569
8.3,"8.3. Зөрчил гаргасан албан хаагчд дараах сахилгын шийтгэлийг ногдуулна.
8.3.1. Өөрт нь ганцаарчилсан хэлбэрээр хаалттай сануулах;
8.3.2. Нийт албан хаагчд нь зарлах хэлбэрээр нээлттэй сануулах;
8.3.3. Үндсэн цалинг гурван сар хүртэл хугацаагаар 20 хүртэл хувиар бууруулах;
8.3.4.Албан тушаал бууруулах;
8.3.5.Ажил олгогчийн санаачилгаар хөдөлмөр эрхлэлтийн харилцааг цуцлах.",207938e109ad75a252ad0d75c560c79801ed113c552743c03308cdf03fd863fb
8.4,"8.4. Албан хаагчд сахилгын шийтгэл ногдуулахдаа харьяа Нэгжийндаргын болон  Захиргаа, удирдлагын хэлтсийн саналыг үндэслэсэн, нотлох баримтад тулгуурласан байна.",aaca83c8e2bcafd288ea29f70c77cbb4004d243a533c013a9e74962b91a95132
8.5,8.5. Албан хаагчд сахилгын шийтгэл ногдуулах үндэслэлийг заавал шалган  тогтоож энэ тухай тухайн албан хаагчд урьдчилан танилцуулсан байна.,35ecb0162eb78a9e62fa731ac340eda4057cc6e67aaad9281602ba6abccd0b57
8.6,"8.6. Академийн захирал нь шалгалт хийсэн тухай танилцуулга, сахилгын шийтгэл  ногдуулах үндэслэл бүхий саналтай танилцаж дараах шийдвэрийн аль нэгийг гаргана.  Үүнд:
8.6.1. Холбогдох хууль тогтоомж болон хөдөлмөрийн дотоод журамд заасан  сахилгын шийтгэлийн аль нэгийг оногдуулах.
8.6.2. Дахин шалгуулах, нэмэлт баримт бүрдүүлэхээр буцаах.
8.6.3. Сахилгын шийтгэл оногдуулах санал үндэслэлгүй гэж үзвэл сахилгын  шийтгэл ногдуулахаас татгалзах.
8.6.4. Сахилгын зөрчил гэмт хэргийн шинжтэй гэж үзвэл холбогдох байгууллагаар  шалгуулахаар шилжүүлэх.",c5d464ae91deea445e97b470fac92f36daaa765d1925531a11c922c6f535c09b
8.7,8.7. Сахилгын шийтгэл ногдуулах үндэслэлтэй эсэхийг шалгасан хугацааг  сахилгын зөрчлийг илрүүлсэн хугацаанд оруулж тооцохгүй.,2a51bd225d63ab837a4b5d4d3c73e45c92007a1199dde118a3c73f2ae938ff1e
8.8,8.8. Сахилгын шийтгэл ногдуулсан тухай шийдвэрийг өөрт нь танилцуулна.,c81760f5f6617538690cf10e150ffdb9fc824416f43e11d1232896e4e22380b9
8.9,8.9. Сахилгын шийтгэл ногдуулсан өдрөөс хойш 1 жилийн хугацаа өнгөрвөл албан  хаагчийнг сахилгын шийтгэлгүйд тооцно.,91fc8e9ca9b4da6d41ae38ee71c502340a35e25d9ea3dfae93de9444f69db2d3
8.10,"8.10. Сахилгын шийтгэлтэй албан хаагчд байгууллагын болон бусад шагналыг  сахилгын шийтгэлтэй байх хугацаанд олгохгүй, урамшуулал, ур чадварын нэмэгдлийг  албан хаагчийн ажлын үр дүнг харгалзан олгох эсэхийг тухай бүрд нь шийдвэрлэнэ.",c1f972e524d358729c2b13e98102d668e92c03f173785c027f0214e2e8890f8b
9.1,"9.1. Албан хаагч өөрийн албаны ажлын үнэмлэх /нэвтрэх карт/, түлхүүр, лац  тэмдэг зэргийг хаяж үрэгдүүлсэн, гэмтээсэн тохиолдолд зохих үнийг төлнө.",35bd110d5b1d180625a86660058001d58c69763cf758d1724138265e11689b7f
9.2,9.2. Албан хаагч хөдөлмөрлөх үүргээ биелүүлэх явцдаа өөрийн буруугаас  байгууллагад хохирол учруулсан бол сахилгын шийтгэлтэй эсэхийг үл харгалзан эд  хөрөнгийн хязгаарлагдмал болон бүрэн хариуцлагыг хүлээлгэнэ.,243107b25413e77a575c15f18e507f7a0f889810d6ea7ebe077f00f4094b2510
10.1,10.1. Хөдөлмөрийн гэрээг албан хаагчийн санаачилгаар болон ажил олгогчийн  санаачилгаар цуцална.,34c6eca24f0ec8c65c406c1a1749442b53f2a17c2bec0c8f78350107621cda2c
10.2,10.2. Албан хаагч хөдөлмөрийн гэрээг цуцлах тухайгаа бичгээр мэдэгдэх бөгөөд  өргөдөл гаргаснаас хойш 30 хоногийн дотор ажлаа хүлээлцэнэ.,89e0618de1949735c3dacb970f440db97b75b5c62b7218de9223f5c4b04dc750
10.3,"10.3. Албан хаагч, ажил олгогч хоорондоо тохиролцож гэрээ цуцлах хугацаагаа  тохиролцож болно.",46ccfa9d0fd6e7be932de410fab8212636e947253f1480a4bece71441a52fcae
10.4,10.4. Хөдөлмөрийн тухай хуулийн 80 дугаар зүйлийн,761a9ac7458611de177a2d88c2f1f72a0484d6c113339da3e2eea23d78b6c272
80.1,80.1 дэх хэсэгт заасан  үндэслэлээр ажил олгогчийн санаачилгаар гэрээг цуцална.,43d3c642f7dee26df091de7a5dd995aecfd8e296f4453d5de82e5cb64b5efa99
10.5,10.5. Хөдөлмөрийн тухай хуульд зааснаас гадна энэ журамд заасан ноцтой зөрчил  гаргасан тохиолдолд ажил олгогчийн санаачилгаар гэрээг шууд цуцална.,1d60c967e7ce637d785efa51e7f2996e13d890ba63d63e4d9f4022bf3c761201
10.6,10.6. Ажил олгогчийн санаачилгаар гэрээг цуцлах нөхцөл бий болсон тохиолдолд  албан хаагчд урьдчилсан байдлаар мэдэгдэнэ.,1b285e00f332ac9c846cd22d33110ace06669c1a1c5e7eb99d44c7dc554a4bcf
10.7,"10.7. Ажлын байрны онцлогийг харгалзан дараах үйлдлүүдийг ноцтой зөрчилд  тооцон ажил олгогчийн санаачилгаар хөдөлмөрийн гэрээг шууд цуцлах, эсхүл зөрчлийн  шинж байдлаас хамаарч бусад сахилгын шийтгэлийг сонгож хэрэглэнэ. Үүнд:
10.7.1. Ажлын байранд хориглох зүйлсийг удаа дараа зөрчсөн.
10.7.2. Ажлын байрны цаг ашиглалтын горимыг зөрчиж хүндэтгэн үзэх  шалтгаангүйгээр сард хүндэтгэн үзэх шалтгаангүйгээр нэг сард 60 минутаас дээш  хугацаагаар ажлаас хоцорсон, 2 өдөр ажил тасалсан.
10.7.3. Хөдөлмөрийн гэрээ, ажлын байрны тодорхойлолтод заасан чиг  үүргийг хүндэтгэн үзэх шалтгаангүйгээр биелүүлээгүй буюу зохих ёсоор биелүүлээгүйгээс  байгууллагын нэр хүнд, дотоод үйл ажиллагаанд сөрөг үр дагавар бий болсон.
10.7.4. Хүндэтгэн үзэх шалтгаангүйгээр аливаа тайланг заасан хугацаанд  байгууллага, албан тушаалтанд хүргүүлээгүй
10.7.5. Ажил үүргийн дагуу мэдсэн төрийн болон албаны нууцыг бусдад  задруулсан, хууль бусаар ашигласан, ашиглахаар завдсан
10.7.6. Байгууллагын хариуцаж буй системийн хэвийн үйл ажиллагааг  үндэслэлгүйгээр, санаатайгаар тасалдуулж, зогсоосон, эсхүл тасалдуулж, зогсоохоор удаа  дараа үйлдэл, эс үйлдэхүй гаргасан
10.7.7. Нягтлан, нярав, үйлчилгээ хариуцсан мэргэжилтэн нь өр, авлага  гаргаж, суутгал дутуу буюу огт суутгаагүй, санхүүгийн баримт үрэгдүүлж устгасан,  байгууллагын эд хөрөнгийг дутуу тоолж, бүртгэсэн.
10.7.8. Албан хаагч санаатайгаар компьютер, компьютерын программ хангамж, түүний төхөөрөмжийг өөрчлөх, эвдэж гэмтээх, ашиглах боломжгүй болгох,  мэдээллийн сүлжээг сүйтгэх үйлдэл гаргасан бөгөөд энэ нь тогтоогдсон
10.7.9. Байгууллагын компьютер, мэдээллийн системд хадгалагдаж байгаа  болон дамжуулж байгаа мэдээллийг зөвшөөрөлгүйгээр хуулбарласан, бусад аргаар олж  авсан, бусад этгээдэд дамжуулсан, ийм үйлдэл хийхийг завдсан, устгасан, хаасан,  өөрчилсөн.
10.7.10. Удирдлагаас өгсөн хууль ёсны үүрэг, даалгаврыг удаа дараа  биелүүлэхээс үндэслэлгүйгээр зайлсхийсэн.
10.7.11. Гэмт хэрэг үйлдсэн гэм буруутай болох нь шүүхийн шийтгэх  тогтоолоор тогтоогдсон.
10.7.12. Нэгжийндаргын зөвшөөрөлгүй албан ажлын бус шалтгаанаар ажлын  цагаар гадуур явсан нь тогтоогдсон;
10.7.13. Ээлжийн амралт, чөлөөний болон томилолтын хугацааг хүндэтгэн  үзэх шалтгаангүйгээр хэтрүүлсэн;
10.7.14. Ажлын гүйцэтгэл “Хангалтгүй” үнэлгээгээр дүгнэгдсэн;
10.7.15. Ажлын байранд болон томилолтоор ажиллах үедээ ажлын цагаар  согтууруулах ундаа, мансууруулах эм, сэтгэцэд нөлөөт бодис хэрэглэсэн;
10.7.16. Ажил үүргээ гүйцэтгэсэн болон эс гүйцэтгэсний төлөө бусдаас шан  харамж авсан;
10.7.17. сахилгын болон ёс зүйн зөрчил давтан гаргасан.",700a25550eae352adc078d68466c8ae012296d3e86d7073adec41f36e760fcc9
10.8,"10.8. Ажил хүлээлцэх
10.8.1. Ажил олгогч албан хаагчийн ажлын байрыг хэвээр хадгалах тохиолдолд  ажлыг нь түр, хөдөлмөр эрхлэлтийн харилцаа дуусгавар болсон тохиолдолд бүрмөсөн  хүлээн авна.
10.8.2. Хөдөлмөрийн гэрээ дуусгавар болж буй албан хаагчтай холбогдох тооцоо  хийж дуусгах ажлыг Захиргаа, удирдлагын газар хариуцна.
10.8.3. Ажил хүлээлцэх ажлын хэсэг томилогдоогүй тохиолдолд ажлаас  чөлөөлөгдөх болон өөрчлөгдөж буй албан хаагч нь хамгийн сүүлд гаргасан тайлангийн  хугацаанаас хойш хийж гүйцэтгэсэн ажлын тайланг тухайн Нэгжийн даргад, хариуцан  гүйцэтгэж байсан албан хэргийн холбогдох материал, баримт бичиг, файлыг тухайн  Нэгжийн даргыг байлцуулан шинээр ажилд орж буй албан хаагчд тавилга, тоног төхөөрөмж,  техник хэрэгсэл, ажлын үнэмлэх, түлхүүр, лацны тэмдэг зэргийг няравт хүлээлгэн өгнө.
10.8.4. Ажил олгогч нь ажил хүлээлцэх үеийн цалин хөлсийг тооцож олгоно.
10.8.5. Ажлаас чөлөөлөгдсөн, халагдсан ажилтнаар “Тойрох хуудас” (Дотоод  журмын хавсралт)-ыг бөглүүлж, санхүүгийн тооцоо хийсний дараа түүнд ажлаас чөлөөлсөн,  халагдсан тухай шийдвэрийг хүлээлгэн өгч холбогдох цалингийн тооцоог хийж дуусгана.
10.8.6. Ажил хүлээлцэх журмыг зөрчиж баримт бичгийг хүлээлцсэнээс байгууллагад  хохирол учирсан бол буруутай этгээдэд хариуцлага хүлээлгэнэ.  Арван нэг.Бусад",47d3850d84d84579ef43418d7dbc86a7af4722fd7ae7574cfa764450bb7835df
11.1,"11.1. Хөдөлмөрийн дотоод журамд Захиргаа, удирдлагын газар хяналт тавьж,  хэрэгжилтийг хангуулах ба бусад хэлтсүүд дэмжлэг үзүүлж хамтран ажиллана.",3c83d6d4a282631939b30bcc171b27f9bd3c850877dff8bc59a7a29e0a3d0fb4
11.2,11.2. Хөдөлмөрийн хуульд нийцүүлэн шаардлагатай тохиолдолд энэ журамд  нэмэлт өөрчлөлт оруулах ба захирлын тушаалаар баталснаар хүчин төгөлдөр үйлчилж  эхэлнэ.,4763205fd6a236db193f9f66aded25924dee74c6fc342d29d89010a301fcae0c
11.3,"11.3. Энэ журмыг нийт ажилчид өдөр тутмын үйл ажиллагаанд мөрдлөг болгож  ажиллах ба журмыг удаа дараа зөрчсөн нь сахилгын шийтгэл оногдуулах, хөдөлмөрийн  гэрээг ажил олгогчийн санаачилгаар цуцлах үндэслэл болно.   АЛБАН ХААГЧИЙН ХУВИЙН ХЭРЭГТ БАЙХ МАТЕРИАЛУУДЫН ЖАГСААЛТ 1. Ажлын байрны тодорхойлолт; 2. Төрийн албан хаагчийн анкет (зурагтай) “А” болон “Б” хэсэг; 3. Цээж зураг 2 хувь (4Х6 хэмжээтэй, малгайгүй, эгц харсан); 4. Хувь хүний намтар; 5. Бүтээлийн жагсаалт (ном, зохиол, судалгаа шинжилгээний өгүүлэл, илтгэл, өөрөө санаачлан  болон биечлэн оролцож батлуулсан бодлогын баримт бичиг, хууль эрх зүйн акт, шинэ бүтээл,  оновчтой санал) 6. Ажил байдлын тодорхойлолт; 7. Эзэмшсэн боловсрол, мэргэжлийн диплом, мэргэшүүлэх багц сургалтын гэрчилгээний  хуулбар; 8. Иргэний үнэмлэхийн хуулбар; 9. Цэргийн үүрэгтний үнэмлэхийн хуулбар; Санамж: Албан хаагч нь өөрийн анкет дахь мэдээлэл өөрчлөгдсөн тухай бүрд байгууллагын хүний  нөөцийн асуудал хариуцсан албан хаагчид мэдэгдэж хувийн хэрэгтээ нэмэлт, баяжилт хийлгэж байх  үүрэгтэй. Анкетын “Ажилласан байдал” гэсэн хэсэгт албан хаагчийн албан тушаал өөрчлөгдсөн  тохиолдол бүрд хүний нөөцийн асуудал эрхэлсэн албан хаагч холбогдох захирлын тушаалыг  үндэслэн тэмдэглэл хийж байна.",dd8fb7754af7a08b5d265aa97166d1507dcd294113709304c6586b11d4fccaa2
